date_situation,region,district_sanitaire,cas_confirmes
2026-09-08,Kédougou,Kédougou,18
2026-09-08,Kédougou,Saraya,7
2026-09-08,Kédougou,Salémata,2
2026-09-08,Louga,Kébémer,5
2026-09-08,Louga,Darou-Mousty,3
2026-09-08,Dakar,Guédiawaye,6
2026-09-08,Dakar,Keur Massar,1
2026-09-08,Thiès,Mbour,6
2026-09-08,Thiès,Thiadiaye,1
2026-09-08,Diourbel,Touba,3
2026-09-08,Diourbel,Mbacké,1
2026-09-08,Kaolack,Kaolack,1
2026-09-08,Kaolack,Guinguinéo,1
2026-09-08,Matam,Matam,1
2026-09-08,Kolda,Vélingara,1
2026-09-13,Kédougou,Kédougou,18
2026-09-13,Kédougou,Saraya,8
2026-09-13,Kédougou,Salémata,2
2026-09-13,Dakar,Guédiawaye,7
2026-09-13,Dakar,Dakar-Ouest,1
2026-09-13,Dakar,Dakar-Sud,1
2026-09-13,Dakar,Keur Massar,1
2026-09-13,Dakar,Pikine,1
2026-09-13,Dakar,Sangalkam,1
2026-09-13,Thiès,Mbour,9
2026-09-13,Thiès,Thiadiaye,1
2026-09-13,Louga,Kébémer,5
2026-09-13,Louga,Darou-Mousty,3
2026-09-13,Louga,Sakal,1
2026-09-13,Diourbel,Touba,7
2026-09-13,Diourbel,Mbacké,1
2026-09-13,Kaolack,Kaolack,1
2026-09-13,Kaolack,Guinguinéo,1
2026-09-13,Kaolack,Ndoffane,1
2026-09-13,Matam,Matam,2
2026-09-13,Fatick,Foundiougne,1
2026-09-13,Kolda,Vélingara,1
2026-09-13,Saint-Louis,Saint-Louis,1
2026-09-13,Tambacounda,Bakel,1
2026-09-20,Kédougou,Kédougou,23
2026-09-20,Kédougou,Saraya,8
2026-09-20,Kédougou,Salémata,2
2026-09-20,Dakar,Guédiawaye,7
2026-09-20,Dakar,Dakar-Ouest,1
2026-09-20,Dakar,Dakar-Sud,1
2026-09-20,Dakar,Dakar-Nord,1
2026-09-20,Dakar,Keur Massar,3
2026-09-20,Dakar,Pikine,1
2026-09-20,Dakar,Sangalkam,1
2026-09-20,Kaolack,Kaolack,1
2026-09-20,Kaolack,Guinguinéo,2
2026-09-20,Kaolack,Ndoffane,2
2026-09-20,Thiès,Mbour,11
2026-09-20,Thiès,Thiadiaye,1
2026-09-20,Louga,Kébémer,6
2026-09-20,Louga,Darou-Mousty,8
2026-09-20,Louga,Sakal,1
2026-09-20,Louga,Louga,1
2026-09-20,Diourbel,Touba,12
2026-09-20,Diourbel,Mbacké,1
2026-09-20,Matam,Matam,5
2026-09-20,Matam,Thilogne,1
2026-09-20,Fatick,Foundiougne,1
2026-09-20,Kolda,Vélingara,4
2026-09-20,Saint-Louis,Saint-Louis,1
2026-09-20,Saint-Louis,Dagana,1
2026-09-20,Tambacounda,Bakel,4
2026-09-20,Tambacounda,Diankhé-makha,1
2026-09-20,Ziguinchor,Bignona,1
2026-09-20,Ziguinchor,Ziguinchor,1
